Component,Source,Link (URL),Price,Extra Costs (Shipping),Already Have?,Add
1. Frame & Structure (2020 T-Slot Aluminum),,,,,,
250mm Extrusions: 4 units (Base frame side and cross members).,Aliexpress,https://www.aliexpress.us/item/3256808366074196.html?src=google&pdp_npi=4%40dis%21USD%2114.74%217.38%21%21%21%21%21%40%2112000045678685196%21ppc%21%21%21&src=google&albch=shopping&acnt=708-803-3821&isdl=y&slnk&plac&mtctp&albbt=Google_7_shopping&aff_platform=google&aff_short_key=UneMJZVf&albagn=888888&ds_e_adid&ds_e_matchtype&ds_e_device=c&ds_e_network=x&ds_e_product_group_id&ds_e_product_id=en3256808366074196&ds_e_product_merchant_id=5551842492&ds_e_product_country=US&ds_e_product_language=en&ds_e_product_channel=online&ds_e_product_store_id&ds_url_v=2&albcp=20123152476&albag&isSmbAutoCall=false&needSmbHouyi=false&gatewayAdapt=glo2usa,24.27,2.27,No,
"M5 T-Slot Nuts (Drop-in/Hammerhead): 50 units (For all brackets, motors, and PSU).",Aliexpress,https://www.aliexpress.us/item/3256805565115113.html?spm=a2g0o.productlist.main.1.1433A7OeA7OefL&algo_pvid=bfc4d70a-142d-4c58-a969-42bd5b93aff5&algo_exp_id=bfc4d70a-142d-4c58-a969-42bd5b93aff5-0&pdp_ext_f=%7B%22order%22%3A%222522%22%2C%22spu_best_type%22%3A%22price%22%2C%22eval%22%3A%221%22%2C%22fromPage%22%3A%22search%22%7D&pdp_npi=6%40dis%21USD%214.50%212.52%21%21%2130.89%2117.30%21%402101e2b417737152299167524eb4b2%2112000034270508931%21sea%21US%213031952535%21X%211%210%21n_tag%3A-29919%3Bd%3Aee6b2086%3Bm03_new_user%3A-29895&curPageLogUid=HGIavtjb7VQU&utparam-url=scene%3Asearch%7Cquery_from%3A%7Cx_object_id%3A1005005751429865%7C_p_origin_prod%3A,2.52,0.23,No,
M6 x 80 Screws,Aliexpress,https://www.aliexpress.us/item/3256807469903873.html?spm=a2g0o.productlist.main.1.310apYzepYzeHu&algo_pvid=10800b64-6ef6-466a-8500-9264d18d8af8&algo_exp_id=10800b64-6ef6-466a-8500-9264d18d8af8-0&pdp_ext_f=%7B%22order%22%3A%22628%22%2C%22eval%22%3A%221%22%2C%22fromPage%22%3A%22search%22%7D&pdp_npi=6%40dis%21USD%212.53%212.42%21%21%2117.34%2116.60%21%402101c44f17737161053034185e049f%2112000041675851635%21sea%21US%213031952535%21X%211%210%21n_tag%3A-29919%3Bd%3Aee6b2086%3Bm03_new_user%3A-29895&curPageLogUid=X3KIpZyneka5&utparam-url=scene%3Asearch%7Cquery_from%3A%7Cx_object_id%3A1005007656218625%7C_p_origin_prod%3A,3.11,0.28,No,
M5 x 10mm Socket Head Bolts: 50 units (Standard mounting).,Aliexpress,https://www.aliexpress.us/item/2251832782168715.html?spm=a2g0o.productlist.main.4.4cf6TwK5TwK5gl&aem_p4p_detail=202603161949125031557402349240000437662&algo_pvid=ec5ec218-6205-4543-a2df-7b0d91597122&algo_exp_id=ec5ec218-6205-4543-a2df-7b0d91597122-3&pdp_ext_f=%7B%22order%22%3A%2214932%22%2C%22eval%22%3A%221%22%2C%22fromPage%22%3A%22search%22%7D&pdp_npi=6%40dis%21USD%211.15%211.12%21%21%211.15%211.12%21%402101e83017737157526551617e2f60%2112000034561991235%21sea%21US%213031952535%21X%211%210%21n_tag%3A-29919%3Bd%3Aee6b2086%3Bm03_new_user%3A-29895&curPageLogUid=ugnpLpwpOdq1&utparam-url=scene%3Asearch%7Cquery_from%3A%7Cx_object_id%3A32968483467%7C_p_origin_prod%3A&search_p4p_id=202603161949125031557402349240000437662_1,7.6,0.27,No,
2. Motion Control (Linear Rails & Z-Drive),,,,,,
"MGN12H Linear Rail (250mm): 3 units (2 for Y-axis, 1 for X-axis bridge structure).",Aliexpress,https://www.aliexpress.us/item/2255800576028509.html?spm=a2g0o.productlist.main.13.38e362106r5ME8&utparam-url=scene%3Asearch%7Cquery_from%3Apc_back_same_best%7Cx_object_id%3A4000762343261%7C_p_origin_prod%3A&algo_pvid=e646dac7-887f-4cff-b298-e41dc2c32f0a&algo_exp_id=e646dac7-887f-4cff-b298-e41dc2c32f0a&pdp_ext_f=%7B%22order%22%3A%229216%22%2C%22fromPage%22%3A%22search%22%7D&pdp_npi=6%40dis%21USD%214.03%214.01%21%21%214.03%214.01%21%402101c59117737165594485702e302d%2112000021007222390%21sea%21US%213031952535%21X%211%210%21n_tag%3A-29919%3Bd%3Aee6b2086%3Bm03_new_user%3A-29895&gatewayAdapt=4itemAdapt,41.67,3.81,No,
MGN12H Linear Rail (300mm): 2 units (For the Z-uprights).,Aliexpress,https://www.aliexpress.us/item/3256808740219943.html?spm=a2g0o.productlist.main.1.3b513114igz2tF&algo_pvid=3bc960a9-5163-482d-8705-54dd5f47df3f&algo_exp_id=3bc960a9-5163-482d-8705-54dd5f47df3f-0&pdp_ext_f=%7B%22order%22%3A%22299%22%2C%22eval%22%3A%221%22%2C%22fromPage%22%3A%22search%22%7D&pdp_npi=6%40dis%21USD%2110.71%216.75%21%21%2110.71%216.75%21%402103122117737167856986915e12fc%2112000047230510649%21sea%21US%213031952535%21X%211%210%21n_tag%3A-29919%3Bd%3Aee6b2086%3Bm03_new_user%3A-29895&curPageLogUid=fSxPAZbZCmDE&utparam-url=scene%3Asearch%7Cquery_from%3A%7Cx_object_id%3A1005008926534695%7C_p_origin_prod%3A,30.18,2.76,No,
M3 T-Slot Nuts (Drop-in/Hammerhead): 40 units (For all 5 rails).,Aliexpress,https://www.aliexpress.us/item/3256805565115113.html?spm=a2g0o.productlist.main.1.49fdbV9WbV9Wxn&algo_pvid=3ba4d3eb-b9a5-4e1b-ae6a-33b3c96dfac4&algo_exp_id=3ba4d3eb-b9a5-4e1b-ae6a-33b3c96dfac4-0&pdp_ext_f=%7B%22order%22%3A%222522%22%2C%22spu_best_type%22%3A%22price%22%2C%22eval%22%3A%221%22%2C%22fromPage%22%3A%22search%22%7D&pdp_npi=6%40dis%21USD%214.51%212.52%21%21%2130.89%2117.30%21%40210319b717737168690162828eb2a4%2112000034270508931%21sea%21US%213031952535%21X%211%210%21n_tag%3A-29919%3Bd%3Aee6b2086%3Bm03_new_user%3A-29895&curPageLogUid=Ax7HygCoBIc4&utparam-url=scene%3Asearch%7Cquery_from%3A%7Cx_object_id%3A1005005751429865%7C_p_origin_prod%3A,2.69,0.25,No,
M3 x 8mm Socket Head Bolts: 40 units (For all 5 rails).,Aliexpress,https://www.aliexpress.us/item/2251832782168715.html?spm=a2g0o.productlist.main.1.529bDbBDDbBDzl&algo_pvid=63eca242-cd8a-490a-af3c-a98c22574b6d&algo_exp_id=63eca242-cd8a-490a-af3c-a98c22574b6d-0&pdp_ext_f=%7B%22order%22%3A%2214932%22%2C%22eval%22%3A%221%22%2C%22fromPage%22%3A%22search%22%7D&pdp_npi=6%40dis%21USD%211.15%211.12%21%21%211.15%211.12%21%402103274e17737172057984720e273b%2112000034561991235%21sea%21US%213031952535%21X%211%210%21n_tag%3A-29919%3Bd%3Aee6b2086%3Bm03_new_user%3A-29895&curPageLogUid=tL94CNvnUdiY&utparam-url=scene%3Asearch%7Cquery_from%3A%7Cx_object_id%3A32968483467%7C_p_origin_prod%3A,1.55,0.14,No,
"T8-8 Lead Screw (300mm, 4-start): 2 units.",Aliexpress,https://www.aliexpress.us/item/3256805576723890.html?spm=a2g0o.productlist.main.6.1db3vnLzvnLzh3&algo_pvid=a9f86977-01c9-4988-8c8d-5ed3004baf71&algo_exp_id=a9f86977-01c9-4988-8c8d-5ed3004baf71-5&pdp_ext_f=%7B%22order%22%3A%22840%22%2C%22eval%22%3A%221%22%2C%22fromPage%22%3A%22search%22%7D&pdp_npi=6%40dis%21USD%216.11%215.81%21%21%216.11%215.81%21%40210328db17737171371017061e6e9c%2112000034263883428%21sea%21US%213031952535%21X%211%210%21n_tag%3A-29919%3Bd%3Aee6b2086%3Bm03_new_user%3A-29895&curPageLogUid=4DZprLrgVtTW&utparam-url=scene%3Asearch%7Cquery_from%3A%7Cx_object_id%3A1005005763038642%7C_p_origin_prod%3A,10.12,0.92,No,
T8 Brass Nut (8mm Lead): 2 units (Usually included with screws).,Aliexpress,,,,,
Flexible Plum Couplers (5mm to 8mm): 2 units (D19 L25 size).,Aliexpress,https://www.aliexpress.us/item/2251832821692735.html?spm=a2g0o.productlist.main.5.4b242f67LnKw1r&algo_pvid=37a319a6-7f59-4bae-8368-5436733e2ae9&algo_exp_id=37a319a6-7f59-4bae-8368-5436733e2ae9-4&pdp_ext_f=%7B%22order%22%3A%222385%22%2C%22eval%22%3A%221%22%2C%22fromPage%22%3A%22search%22%7D&pdp_npi=6%40dis%21USD%212.62%212.62%21%21%212.62%212.62%21%4021033d9d17737173067636319e9622%2110000001539948477%21sea%21US%213031952535%21X%211%210%21n_tag%3A-29919%3Bd%3Aee6b2086%3Bm03_new_user%3A-29895&curPageLogUid=QvzatAtFindE&utparam-url=scene%3Asearch%7Cquery_from%3A%7Cx_object_id%3A33008007487%7C_p_origin_prod%3A,5.3,0.48,no,
Microswitch for Z axis homing,Aliexpress,https://www.aliexpress.us/item/2251832626205701.html?gatewayAdapt=glo2usa,1.81,0.17,,
M3 x 10mm Socket Head Bolts: 8 units (To mount Brass Nuts to X-End blocks).,Aliexpress,https://www.aliexpress.us/item/2251832782168715.html?spm=a2g0o.productlist.main.1.529bDbBDDbBDzl&algo_pvid=63eca242-cd8a-490a-af3c-a98c22574b6d&algo_exp_id=63eca242-cd8a-490a-af3c-a98c22574b6d-0&pdp_ext_f=%7B%22order%22%3A%2214932%22%2C%22eval%22%3A%221%22%2C%22fromPage%22%3A%22search%22%7D&pdp_npi=6%40dis%21USD%211.15%211.12%21%21%211.15%211.12%21%402103274e17737172057984720e273b%2112000034561991235%21sea%21US%213031952535%21X%211%210%21n_tag%3A-29919%3Bd%3Aee6b2086%3Bm03_new_user%3A-29895&curPageLogUid=tL94CNvnUdiY&utparam-url=scene%3Asearch%7Cquery_from%3A%7Cx_object_id%3A32968483467%7C_p_origin_prod%3A,1.73,0.16,no,
3. Belt System,,,,,,
X-Axis: 1x GT2 Open Belt (6mm Width) — 1 Meter length.,Aliexpress,https://www.aliexpress.us/item/2251832782168715.html?spm=a2g0o.productlist.main.1.529bDbBDDbBDzl&algo_pvid=63eca242-cd8a-490a-af3c-a98c22574b6d&algo_exp_id=63eca242-cd8a-490a-af3c-a98c22574b6d-0&pdp_ext_f=%7B%22order%22%3A%2214932%22%2C%22eval%22%3A%221%22%2C%22fromPage%22%3A%22search%22%7D&pdp_npi=6%40dis%21USD%211.15%211.12%21%21%211.15%211.12%21%402103274e17737172057984720e273b%2112000034561991235%21sea%21US%213031952535%21X%211%210%21n_tag%3A-29919%3Bd%3Aee6b2086%3Bm03_new_user%3A-29895&curPageLogUid=tL94CNvnUdiY&utparam-url=scene%3Asearch%7Cquery_from%3A%7Cx_object_id%3A32968483467%7C_p_origin_prod%3A,4.91,0.45,No,
"GT2 Timing Pulleys (20T, 5mm Bore): 3 units (2 for Y-motors, 1 for X-motor).",Aliexpress,https://www.aliexpress.us/item/3256809642953416.html?spm=a2g0o.productlist.main.4.4f7cFcVVFcVVX1&aem_p4p_detail=2026031621210712344750243893170000022240&algo_pvid=2edca9fc-ca88-4bf3-90d2-a1f38b7c2b42&algo_exp_id=2edca9fc-ca88-4bf3-90d2-a1f38b7c2b42-3&pdp_ext_f=%7B%22order%22%3A%22620%22%2C%22spu_best_type%22%3A%22price%22%2C%22eval%22%3A%221%22%2C%22fromPage%22%3A%22search%22%7D&pdp_npi=6%40dis%21USD%212.89%212.34%21%21%2119.75%2116.00%21%40210328db17737212675383055e6e9b%2112000050299580782%21sea%21US%213031952535%21X%211%210%21n_tag%3A-29919%3Bd%3Aee6b2086%3Bm03_new_user%3A-29895&curPageLogUid=D0UQR2N7Juxb&utparam-url=scene%3Asearch%7Cquery_from%3A%7Cx_object_id%3A1005009829268168%7C_p_origin_prod%3A&search_p4p_id=2026031621210712344750243893170000022240_1,7.65,,No,
"GT2 Toothed Idlers (20T, 4mm Bore): 2 units (For the front Y-axis tensioners).",Aliexpress,https://www.aliexpress.us/item/3256806553138169.html?spm=a2g0o.productlist.main.1.adb7an9uan9uMx&algo_pvid=13d340e0-f532-42d0-9517-42561ab96c41&algo_exp_id=13d340e0-f532-42d0-9517-42561ab96c41-0&pdp_ext_f=%7B%22order%22%3A%223946%22%2C%22eval%22%3A%221%22%2C%22fromPage%22%3A%22search%22%7D&pdp_npi=6%40dis%21USD%211.87%211.87%21%21%2112.80%2112.80%21%402101f11417737216521803266ef279%2112000038143733822%21sea%21US%213031952535%21X%211%210%21n_tag%3A-29919%3Bd%3Aee6b2086%3Bm03_new_user%3A-29895&curPageLogUid=t3TESW4xmNbg&utparam-url=scene%3Asearch%7Cquery_from%3A%7Cx_object_id%3A1005006739452921%7C_p_origin_prod%3A,1.84,0.17,No,
"GT2 Toothed Idler (20T, 6mm Bore): 1 unit (For the right side of X-axis bridge).",Aliexpress,https://www.aliexpress.us/item/3256806553138169.html?spm=a2g0o.productlist.main.1.adb7an9uan9uMx&algo_pvid=13d340e0-f532-42d0-9517-42561ab96c41&algo_exp_id=13d340e0-f532-42d0-9517-42561ab96c41-0&pdp_ext_f=%7B%22order%22%3A%223946%22%2C%22eval%22%3A%221%22%2C%22fromPage%22%3A%22search%22%7D&pdp_npi=6%40dis%21USD%211.87%211.87%21%21%2112.80%2112.80%21%402101f11417737216521803266ef279%2112000038143733822%21sea%21US%213031952535%21X%211%210%21n_tag%3A-29919%3Bd%3Aee6b2086%3Bm03_new_user%3A-29895&curPageLogUid=t3TESW4xmNbg&utparam-url=scene%3Asearch%7Cquery_from%3A%7Cx_object_id%3A1005006739452921%7C_p_origin_prod%3A,1.91,0.17,No,
M4 x 50mm Bolts + Nuts: 2 units (Axles for the 4mm Y-idlers).,Aliexpress,https://www.aliexpress.us/item/3256807078530561.html?spm=a2g0o.productlist.main.6.4ab7NdsRNdsRhf&algo_pvid=08980099-ea51-4517-82fb-9970c1758886&algo_exp_id=08980099-ea51-4517-82fb-9970c1758886-5&pdp_ext_f=%7B%22order%22%3A%2217720%22%2C%22eval%22%3A%221%22%2C%22fromPage%22%3A%22search%22%7D&pdp_npi=6%40dis%21USD%211.28%211.28%21%21%211.28%211.28%21%402101f70717737220222731552eb0ce%2112000039998989023%21sea%21US%213031952535%21X%211%210%21n_tag%3A-29919%3Bd%3Aee6b2086%3Bm03_new_user%3A-29895&curPageLogUid=rNx244rIT3Y5&utparam-url=scene%3Asearch%7Cquery_from%3A%7Cx_object_id%3A1005007264845313%7C_p_origin_prod%3A,2.42,0.22,No,
"Zip Ties: 1 pack (Small 4-inch) for X-axis ""Pull-and-Zip"" tensioning.",Aliexpress,https://www.aliexpress.us/item/2255800624971706.html?spm=a2g0o.productlist.main.11.40937cd4JGn4Ur&algo_pvid=3709794e-cf95-4aea-bcc7-cc52802575e1&algo_exp_id=3709794e-cf95-4aea-bcc7-cc52802575e1-10&pdp_ext_f=%7B%22order%22%3A%2212004%22%2C%22eval%22%3A%221%22%2C%22fromPage%22%3A%22search%22%7D&pdp_npi=6%40dis%21USD%211.12%211.10%21%21%217.69%217.56%21%402101eede17737222116223350e2b61%2110000008121106255%21sea%21US%213031952535%21X%211%210%21n_tag%3A-29919%3Bd%3Aee6b2086%3Bm03_new_user%3A-29895&curPageLogUid=eh3xcUqZ9iyr&utparam-url=scene%3Asearch%7Cquery_from%3A%7Cx_object_id%3A4000811286458%7C_p_origin_prod%3A,1.29,0.12,No,
4. Stepper Motors (6 Total),,,,,,
"Standard NEMA 17 (1.8°, 40mm depth): 3 units (2 for Y-axis).",Aliexpress,https://www.aliexpress.us/item/3256808273084374.html?spm=a2g0o.productlist.main.2.1421IQ9MIQ9ME7&algo_pvid=1150d930-f3b6-4373-896f-1a7c0a2f8428&algo_exp_id=1150d930-f3b6-4373-896f-1a7c0a2f8428-1&pdp_ext_f=%7B%22order%22%3A%223238%22%2C%22eval%22%3A%221%22%2C%22fromPage%22%3A%22search%22%7D&pdp_npi=6%40dis%21USD%217.47%217.00%21%21%217.47%217.00%21%402101e2b217737223289412470e0707%2112000045225398666%21sea%21US%213031952535%21X%211%210%21n_tag%3A-29919%3Bd%3Aee6b2086%3Bm03_new_user%3A-29895&curPageLogUid=LLiPqbFsH0LI&utparam-url=scene%3Asearch%7Cquery_from%3A%7Cx_object_id%3A1005008459399126%7C_p_origin_prod%3Ahttps://www.aliexpress.us/item/3256808273084374.html?spm=a2g0o.productlist.main.2.1421IQ9MIQ9ME7&algo_pvid=1150d930-f3b6-4373-896f-1a7c0a2f8428&algo_exp_id=1150d930-f3b6-4373-896f-1a7c0a2f8428-1&pdp_ext_f=%7B%22order%22%3A%223238%22%2C%22eval%22%3A%221%22%2C%22fromPage%22%3A%22search%22%7D&pdp_npi=6%40dis%21USD%217.47%217.00%21%21%217.47%217.00%21%402101e2b217737223289412470e0707%2112000045225398666%21sea%21US%213031952535%21X%211%210%21n_tag%3A-29919%3Bd%3Aee6b2086%3Bm03_new_user%3A-29895&curPageLogUid=LLiPqbFsH0LI&utparam-url=scene%3Asearch%7Cquery_from%3A%7Cx_object_id%3A1005008459399126%7C_p_origin_prod%3A,15.28,,No,
"Pancake NEMA 17 (1.8°, 25mm depth): 3 units (2 for Z-axis, 1 for x 1 for Extruder).",Aliexpress,"https://www.aliexpress.us/item/3256803688622110.html?spm=a2g0o.detail.pcDetailTopMoreOtherSeller.3.60b5PeYcPeYcam&gps-id=pcDetailTopMoreOtherSeller&scm=1007.40050.354490.0&scm_id=1007.40050.354490.0&scm-url=1007.40050.354490.0&pvid=772908df-311e-4b25-8e78-f463a7398ed4&_t=gps-id:pcDetailTopMoreOtherSeller,scm-url:1007.40050.354490.0,pvid:772908df-311e-4b25-8e78-f463a7398ed4,tpp_buckets:668%232846%238111%231996&pdp_ext_f=%7B%22order%22%3A%227740%22%2C%22eval%22%3A%221%22%2C%22sceneId%22%3A%2230050%22%2C%22fromPage%22%3A%22recommend%22%7D&pdp_npi=6%40dis%21USD%215.52%215.12%21%21%215.52%215.12%21%402103119c17737245694595024e7754%2112000036219123370%21rec%21US%213031952535%21X%211%210%21n_tag%3A-29919%3Bd%3Aee6b2086%3Bm03_new_user%3A-29895&utparam-url=scene%3ApcDetailTopMoreOtherSeller%7Cquery_from%3A%7Cx_object_id%3A1005003874936862%7C_p_origin_prod%3A",15.36,1.41,no,
5. Electronics & Power (24V System),,,,,,
BigTreeTech SKR Mini E3 V3.0: 1 unit (Controller).,Aliexpress,https://www.aliexpress.us/item/3256805657763532.html?src=google&pdp_npi=4%40dis%21USD%2128.71%2124.98%21%21%21%21%21%40%2112000038625200480%21ppc%21%21%21&src=google&albch=shopping&acnt=708-803-3821&isdl=y&slnk&plac&mtctp&albbt=Google_7_shopping&aff_platform=google&aff_short_key=UneMJZVf&albagn=888888&ds_e_adid&ds_e_matchtype&ds_e_device=c&ds_e_network=x&ds_e_product_group_id&ds_e_product_id=en3256805657763532&ds_e_product_merchant_id=109259083&ds_e_product_country=US&ds_e_product_language=en&ds_e_product_channel=online&ds_e_product_store_id&ds_url_v=2&albcp=19678427463&albag&isSmbAutoCall=false&needSmbHouyi=false&gatewayAdapt=glo2usa,28.26,2.58,no,
"24V 350W Switching Power Supply: 1 unit (Industrial ""Silver Box"").",Aliexpress,https://www.aliexpress.us/item/3256807108179820.html?spm=a2g0o.productlist.main.2.423d261edw67Vt&algo_pvid=28c0d02a-4e50-40e8-bc96-4a8c55e04d6c&algo_exp_id=28c0d02a-4e50-40e8-bc96-4a8c55e04d6c-1&pdp_ext_f=%7B%22order%22%3A%222348%22%2C%22eval%22%3A%221%22%2C%22fromPage%22%3A%22search%22%7D&pdp_npi=6%40dis%21USD%2121.67%2112.35%21%21%21148.29%2184.53%21%402103129017737236761523726e1502%2112000044238944995%21sea%21US%213031952535%21X%211%210%21n_tag%3A-29919%3Bd%3Aee6b2086%3Bm03_new_user%3A-29895&curPageLogUid=1f6gKCeOdmRa&utparam-url=scene%3Asearch%7Cquery_from%3A%7Cx_object_id%3A1005007294494572%7C_p_origin_prod%3A,18.22,1.66,NO!,
IEC320 C14 Power Socket: 1 unit (Fused with Rocker Switch).,Aliexpress,https://www.aliexpress.us/item/3256802824106295.html?spm=a2g0o.productlist.main.1.f299yOTMyOTMF9&algo_pvid=bcbf6a24-34fc-4364-ab0f-81176bcb7074&algo_exp_id=bcbf6a24-34fc-4364-ab0f-81176bcb7074-0&pdp_ext_f=%7B%22order%22%3A%222454%22%2C%22eval%22%3A%221%22%2C%22fromPage%22%3A%22search%22%7D&pdp_npi=6%40dis%21USD%212.27%212.13%21%21%212.27%212.13%21%40210328db17737239669493079e6dec%2112000023216555368%21sea%21US%213031952535%21X%211%210%21n_tag%3A-29919%3Bd%3Aee6b2086%3Bm03_new_user%3A-29895&curPageLogUid=vfikPqsNiopU&utparam-url=scene%3Asearch%7Cquery_from%3A%7Cx_object_id%3A1005003010421047%7C_p_origin_prod%3A,2.13,0.19,NEIN,
USB Data Cable: 1 unit (Micro-USB to USB-A to link Pi and SKR).,Aliexpress,"https://www.aliexpress.us/item/3256807319678668.html?spm=a2g0o.detail.pcDetailTopMoreOtherSeller.2.4758eGjleGjlaX&gps-id=pcDetailTopMoreOtherSeller&scm=1007.40050.354490.0&scm_id=1007.40050.354490.0&scm-url=1007.40050.354490.0&pvid=143dcf18-9ae8-4bfc-93ec-5432b4dbc601&_t=gps-id:pcDetailTopMoreOtherSeller,scm-url:1007.40050.354490.0,pvid:143dcf18-9ae8-4bfc-93ec-5432b4dbc601,tpp_buckets:668%232846%238111%231996&pdp_ext_f=%7B%22order%22%3A%225388%22%2C%22eval%22%3A%221%22%2C%22sceneId%22%3A%2230050%22%2C%22fromPage%22%3A%22recommend%22%7D&pdp_npi=6%40dis%21USD%211.48%211.44%21%21%211.48%211.44%21%402103119c17737242872758006e7754%2112000041058829628%21rec%21US%213031952535%21XZ%211%210%21n_tag%3A-29919%3Bd%3Aee6b2086%3Bm03_new_user%3A-29895&utparam-url=scene%3ApcDetailTopMoreOtherSeller%7Cquery_from%3A%7Cx_object_id%3A1005007505993420%7C_p_origin_prod%3A",1.44,0.13,nawr,
Daisy Chain Stepper Cable: 1 unit (Series cable to link dual Y-motors to one port).,Amazon,https://www.amazon.com/Iverntech-XH2-54-Terminal-Stepper-Printer/dp/B07PZWXBFB?th=1,9.19,,,
6. Toolhead & Direct Drive,,,,,,
BMG Extruder Clone (Right Hand): 1 unit.,Aliexpress,https://www.aliexpress.us/item/3256807120458148.html?spm=a2g0o.productlist.main.2.7954ACE6ACE63R&algo_pvid=d11d083e-1a9c-424a-a5bc-78a83755ffdc&algo_exp_id=d11d083e-1a9c-424a-a5bc-78a83755ffdc-1&pdp_ext_f=%7B%22order%22%3A%22753%22%2C%22eval%22%3A%221%22%2C%22fromPage%22%3A%22search%22%7D&pdp_npi=6%40dis%21USD%219.64%219.64%21%21%2165.96%2165.96%21%402101d97817737248097696152e5fe6%2112000040178546011%21sea%21US%213031952535%21X%211%210%21n_tag%3A-29919%3Bd%3Aee6b2086%3Bm03_new_user%3A-29895&curPageLogUid=A2YfZmRxH3sd&utparam-url=scene%3Asearch%7Cquery_from%3A%7Cx_object_id%3A1005007306772900%7C_p_origin_prod%3A,7,0.88,no,
V6 All-Metal Hotend Clone (24V): 1 unit (Groove mount).,Aliexpress,https://www.aliexpress.us/item/3256808497028944.html?gatewayAdapt=glo2usa,14.33,1.45,no,
"V6 Heatsink Fan (4010 Axial, 24V): 1 unit (Standard with hotend).",Aliexpress,https://www.aliexpress.us/item/3256808497028944.html?gatewayAdapt=glo2usa,2.97,0.27,no,
"Part Cooling Fan (5015 Blower, 24V): 1 unit.",Aliexpress,https://www.aliexpress.us/item/3256807420529511.html?spm=a2g0o.productlist.main.2.383b3c0c9lLMr8&algo_pvid=0c7a3597-23e6-48a5-b554-ca916f81238c&algo_exp_id=0c7a3597-23e6-48a5-b554-ca916f81238c-1&pdp_ext_f=%7B%22order%22%3A%224193%22%2C%22spu_best_type%22%3A%22price%22%2C%22eval%22%3A%221%22%2C%22fromPage%22%3A%22search%22%7D&pdp_npi=6%40dis%21USD%213.41%213.14%21%21%213.41%213.14%21%402103122117737254648806008e12fc%2112000041504669195%21sea%21US%213031952535%21X%211%210%21n_tag%3A-29919%3Bd%3Aee6b2086%3Bm03_new_user%3A-29895&curPageLogUid=pzHjZ7xzyjJo&utparam-url=scene%3Asearch%7Cquery_from%3A%7Cx_object_id%3A1005007606844263%7C_p_origin_prod%3A,3.14,0.29,no,
3DTouch / BLTouch Probe: 1 unit.,Aliexpress,https://www.aliexpress.us/item/2251832772360454.html?spm=a2g0o.productlist.main.1.159973d52g04Cv&algo_pvid=8456de21-659a-491a-b304-e7838e1a2a4c&algo_exp_id=8456de21-659a-491a-b304-e7838e1a2a4c-0&pdp_ext_f=%7B%22order%22%3A%221794%22%2C%22eval%22%3A%221%22%2C%22fromPage%22%3A%22search%22%7D&pdp_npi=6%40dis%21USD%217.98%217.09%21%21%217.98%217.09%21%402101e83017737255094956309e2fa4%2112000018444154247%21sea%21US%213031952535%21X%211%210%21n_tag%3A-29919%3Bd%3Aee6b2086%3Bm03_new_user%3A-29895&curPageLogUid=vFnSSmD7y2Bh&utparam-url=scene%3Asearch%7Cquery_from%3A%7Cx_object_id%3A32958675206%7C_p_origin_prod%3A,7.09,0.65,no,
PTFE Tubing (Capricorn/Standard): 1 small piece (~50mm) for the BMG-to-V6 internal link.,Aliexpress,https://www.aliexpress.us/item/3256807669401722.html?spm=a2g0o.productlist.main.2.50ad2e76HXwdVG&algo_pvid=7260bd5b-1cfb-4d49-9674-60e4ad95384a&algo_exp_id=7260bd5b-1cfb-4d49-9674-60e4ad95384a-1&pdp_ext_f=%7B%22order%22%3A%22212%22%2C%22spu_best_type%22%3A%22price%22%2C%22eval%22%3A%221%22%2C%22fromPage%22%3A%22search%22%7D&pdp_npi=6%40dis%21USD%212.80%212.80%21%21%2119.19%2119.19%21%40210311cc17737839546475561e509c%2112000042556077828%21sea%21US%213031952535%21X%211%210%21n_tag%3A-29919%3Bd%3A130c1fb9%3Bm03_new_user%3A-29895&curPageLogUid=XELstSVucEZF&utparam-url=scene%3Asearch%7Cquery_from%3A%7Cx_object_id%3A1005007855716474%7C_p_origin_prod%3A,2.8,0.26,no,
7. Heatbed & Build Surface,,,,,,
Aluminum Plate,Aliexpress,https://www.aliexpress.us/item/3256806973981986.html?spm=a2g0o.productlist.main.5.74411120kDf7ro&algo_pvid=690a95de-504a-4762-8e18-e2eeb77bd311&algo_exp_id=690a95de-504a-4762-8e18-e2eeb77bd311-4&pdp_ext_f=%7B%22order%22%3A%222581%22%2C%22eval%22%3A%221%22%2C%22fromPage%22%3A%22search%22%7D&pdp_npi=6%40dis%21USD%215.95%215.39%21%21%2140.75%2136.91%21%402101f54117737264538905612e35bd%2112000039653345411%21sea%21US%213031952535%21X%211%210%21n_tag%3A-29919%3Bd%3Aee6b2086%3Bm03_new_user%3A-29895&curPageLogUid=FKQEpKADx4cG&utparam-url=scene%3Asearch%7Cquery_from%3A%7Cx_object_id%3A1005007160296738%7C_p_origin_prod%3A,7.14,0.65,no,
150mm x 150mm Silicone 24V Heater - 1 unit,Aliexpress,https://www.aliexpress.us/item/3256803865462882.html?spm=a2g0o.productlist.main.2.37ec246cz3Ftzi&algo_pvid=c1d400ae-07b3-4c00-a0a1-f6f550e64c11&algo_exp_id=c1d400ae-07b3-4c00-a0a1-f6f550e64c11-1&pdp_ext_f=%7B%22order%22%3A%222054%22%2C%22eval%22%3A%221%22%2C%22fromPage%22%3A%22search%22%7D&pdp_npi=6%40dis%21USD%214.83%212.08%21%21%214.83%212.08%21%4021030a6217737789293652841eae75%2112000027868905863%21sea%21US%213031952535%21X%211%210%21n_tag%3A-29919%3Bd%3A130c1fb9%3Bm03_new_user%3A-29895&curPageLogUid=jTds3x3op9Wa&utparam-url=scene%3Asearch%7Cquery_from%3A%7Cx_object_id%3A1005004051777634%7C_p_origin_prod%3A,8.59,4.69,no,
150mm x 150mm Magnetic PEI Sheet: 1 unit.,Aliexpress,https://www.aliexpress.us/item/3256806185002944.html?spm=a2g0o.productlist.main.2.5cb88yVr8yVrTd&algo_pvid=e86dfa84-aa5c-4d0b-8e00-603351bde55f&algo_exp_id=e86dfa84-aa5c-4d0b-8e00-603351bde55f-1&pdp_ext_f=%7B%22order%22%3A%2223%22%2C%22eval%22%3A%221%22%2C%22fromPage%22%3A%22search%22%7D&pdp_npi=6%40dis%21USD%218.92%217.14%21%21%218.92%217.14%21%402101eecd17737790825022641ecf4f%2112000036932763349%21sea%21US%213031952535%21X%211%210%21n_tag%3A-29919%3Bd%3A130c1fb9%3Bm03_new_user%3A-29895%3BpisId%3A5000000202468775&curPageLogUid=mbzoxXalSfrk&utparam-url=scene%3Asearch%7Cquery_from%3A%7Cx_object_id%3A1005006371317696%7C_p_origin_prod%3A,10.54,0.96,no,
Bed Insulation: 1 unit (Adhesive cotton pad).,Aliexpress,https://www.aliexpress.us/item/2255799885213654.html?spm=a2g0o.productlist.main.3.624cJcKgJcKghH&algo_pvid=dd67c253-7082-405d-a850-e2fc9fdd8900&algo_exp_id=dd67c253-7082-405d-a850-e2fc9fdd8900-2&pdp_ext_f=%7B%22order%22%3A%22591%22%2C%22spu_best_type%22%3A%22price%22%2C%22eval%22%3A%221%22%2C%22fromPage%22%3A%22search%22%7D&pdp_npi=6%40dis%21USD%212.92%212.74%21%21%212.92%212.74%21%40210328db17737792673122967e97e7%2110000004019358372%21sea%21US%213031952535%21X%211%210%21n_tag%3A-29919%3Bd%3A130c1fb9%3Bm03_new_user%3A-29895&curPageLogUid=G3WLja1z4Cl0&utparam-url=scene%3Asearch%7Cquery_from%3A%7Cx_object_id%3A4000071528406%7C_p_origin_prod%3A,2.72,0.25,no,
8.  (Cables & Consumables),,,,,no,
16AWG Wire (Red/Black): 2 Meters (PSU to Mainboard and Bed).,Aliexpress,https://www.aliexpress.us/item/3256810592963671.html?spm=a2g0o.productlist.main.3.551a2d1d0O1gq5&algo_pvid=75147e23-e312-49d1-95ea-b0f19e4782b2&algo_exp_id=75147e23-e312-49d1-95ea-b0f19e4782b2-2&pdp_ext_f=%7B%22order%22%3A%221457%22%2C%22eval%22%3A%221%22%2C%22fromPage%22%3A%22search%22%7D&pdp_npi=6%40dis%21USD%211.85%211.84%21%21%2112.64%2112.60%21%402101c44f17737808055072112e4048%2112000053482331377%21sea%21US%213031952535%21X%211%210%21n_tag%3A-29919%3Bd%3A130c1fb9%3Bm03_new_user%3A-29895&curPageLogUid=USTofQl800OK&utparam-url=scene%3Asearch%7Cquery_from%3A%7Cx_object_id%3A1005010779278423%7C_p_origin_prod%3A,5.81,0.53,no,
"22AWG Wire (Assorted Colors): 5 Meters (For extending fans, sensors, and probe).",Aliexpress,https://www.aliexpress.us/item/3256810376809500.html?spm=a2g0o.productlist.main.5.2ff72d1dwQrfA3&algo_pvid=22129462-3f09-4402-ba8b-f64f6c19dac2&algo_exp_id=22129462-3f09-4402-ba8b-f64f6c19dac2-4&pdp_ext_f=%7B%22order%22%3A%2267%22%2C%22eval%22%3A%221%22%2C%22fromPage%22%3A%22search%22%7D&pdp_npi=6%40dis%21USD%2115.54%216.68%21%21%21106.36%2145.73%21%402101e80317737807317212922e2666%2112000052825874834%21sea%21US%213031952535%21X%211%210%21n_tag%3A-29919%3Bd%3A130c1fb9%3Bm03_new_user%3A-29895&curPageLogUid=MmF9xhS7EBTP&utparam-url=scene%3Asearch%7Cquery_from%3A%7Cx_object_id%3A1005010563124252%7C_p_origin_prod%3A,7.36,0.67,no,
JST XH Crimping Tool,Aliexpress,https://www.aliexpress.us/item/3256806491526136.html?gatewayAdapt=glo2usa,12.27,1.12,no,
JST-XH Connector Kit: 1 box (To terminate custom wire lengths).,Aliexpress,https://www.aliexpress.us/item/3256810317734290.html?spm=a2g0o.productlist.main.5.6fe3xZhZxZhZFO&algo_pvid=669ac097-cf82-4744-8dc3-ba0d9c77f74a&algo_exp_id=669ac097-cf82-4744-8dc3-ba0d9c77f74a-4&pdp_ext_f=%7B%22order%22%3A%22127%22%2C%22eval%22%3A%221%22%2C%22fromPage%22%3A%22search%22%7D&pdp_npi=6%40dis%21USD%218.03%213.85%21%21%2154.96%2126.38%21%402103129f17737809761208265efab1%2112000052612436260%21sea%21US%213031952535%21X%211%210%21n_tag%3A-29919%3Bd%3A130c1fb9%3Bm03_new_user%3A-29895&curPageLogUid=fkaHsyrFX9hm&utparam-url=scene%3Asearch%7Cquery_from%3A%7Cx_object_id%3A1005010504049042%7C_p_origin_prod%3A,3.85,0.35,no,
M3 / M4 / M5 Button Head Bolt Assortment: 1 box (For mounting printed parts).,Aliexpress,https://www.aliexpress.us/item/3256809799426779.html?spm=a2g0o.productlist.main.5.58598a8K8a8K6w&algo_pvid=e5ebb15f-553a-49f5-a53e-493794e126bb&algo_exp_id=e5ebb15f-553a-49f5-a53e-493794e126bb-4&pdp_ext_f=%7B%22order%22%3A%2218%22%2C%22spu_best_type%22%3A%22price%22%2C%22eval%22%3A%221%22%2C%22fromPage%22%3A%22search%22%7D&pdp_npi=6%40dis%21USD%2111.58%215.67%21%21%2179.27%2138.84%21%4021033d9d17737843825997256e81df%2112000050762619234%21sea%21US%213031952535%21X%211%210%21n_tag%3A-29919%3Bd%3A130c1fb9%3Bm03_new_user%3A-29895&curPageLogUid=eeTlafTfeDaY&utparam-url=scene%3Asearch%7Cquery_from%3A%7Cx_object_id%3A1005009985741531%7C_p_origin_prod%3A,5.67,0.62,,
,,Subtotal,Est. Extra Fees,Sum Total,Applicable Discount,FINAL Total
,,343.73,32.48,376.21,45,331.21